{
    "upcoming": [
        {
            "status": "completed",
            "from": "delhi",
            "to": "mumbai",
            "traveldate": "10/06/22",
            "flightname": "indigo",
            "flightnumber": "6E2059",
            "bookingId": 74563289
        },
        {
            "status": "completed",
            "from": "Jaiur",
            "to": "chennai",
            "traveldate": "6/06/22",
            "flightname": "spicejet",
            "flightnumber": "SG279",
            "bookingId": 74563289
        }
    ],
    "cancelled": [
        {
            "status": "completed",
            "from": "delhi",
            "to": "mumbai",
            "traveldate": "10/06/22",
            "flightname": "indigo",
            "flightnumber": "6E2059",
            "bookingId": 74563289
        },
        {
            "status": "completed",
            "from": "Jaiur",
            "to": "chennai",
            "traveldate": "6/06/22",
            "flightname": "spicejet",
            "flightnumber": "SG279",
            "bookingId": 74563289
        }
    ],
    "completed": [
        {
            "status": "completed",
            "from": "delhi",
            "to": "mumbai",
            "traveldate": "10/06/22",
            "flightname": "indigo",
            "flightnumber": "6E2059",
            "bookingId": 74563289
        },
        {
            "status": "completed",
            "from": "Jaiur",
            "to": "chennai",
            "traveldate": "6/06/22",
            "flightname": "spicejet",
            "flightnumber": "SG279",
            "bookingId": 74563289
        }
    ]
}