{
    "company": [
        {
            "companyname": "IndiGo",
            "departure": "07:15",
            "duration": "01 h 30m",
            "arrival": "08:45",
            "price": "6500",
            "flightnumber": "IG 538",
            "bagage":"BAGGAGE :ADULT",
            "checkin":"15 Kgs (1 Piece x 15 Kgs)",
            "cabin":"7 Kgs",
            "from": "Mumbai",
            "dsc":"Terminal 2 Mumbai, India",
            "to": "Pune"
        },
        {
            "companyname": "IndiGo",
            "departure": "08:15",
            "duration": "01 h 10m",
            "arrival": "09:25",
            "price": "4250",
            "flightnumber": "IG 420",
            "bagage":"BAGGAGE :ADULT",
            "checkin":"15 Kgs (1 Piece x 15 Kgs)",
            "cabin":"7 Kgs",
            "from": "Pune",
            "to": "Mumbai"
        },
        {
            "companyname": "AirIndia",
            "departure": "04:15",
            "duration": "02 h 05m",
            "arrival": "06:20",
            "price": "9500",
            "flightnumber": "AI 111",
            "bagage":"BAGGAGE :ADULT",
            "checkin":"15 Kgs (1 Piece x 15 Kgs)",
            "cabin":"7 Kgs",
            "from": "Pune",
            "dsc":"Terminal 2 Pune, India",
            "to": "Chennai"
        },
        {
            "companyname": "AirIndia",
            "departure": "08:15",
            "duration": "02 h 00m",
            "arrival": "10:15",
            "price": "9800",
            "flightnumber": "AI 222",
            "bagage":"BAGGAGE :ADULT",
            "checkin":"15 Kgs (1 Piece x 15 Kgs)",
            "cabin":"7 Kgs",
            "from": "Chennai",
            "to": "Pune"
        },
        {
            "companyname": "SpiceJet",
            "departure": "08:30",
            "duration": "01 h 55m",
            "arrival": "10:25",
            "price": "11220",
            "flightnumber": "SJ 333",
            "bagage":"BAGGAGE :ADULT",
            "checkin":"15 Kgs (1 Piece x 15 Kgs)",
            "cabin":"7 Kgs",
            "from": "Pune",
            "to": "Bengaluru"
        },
        {
            "companyname": "SpiceJet",
            "departure": "04:00",
            "duration": "02 h 10m",
            "arrival": "06:10",
            "price": "12500",
            "flightnumber": "SJ 444",
            "bagage":"BAGGAGE :ADULT",
            "checkin":"15 Kgs (1 Piece x 15 Kgs)",
            "cabin":"7 Kgs",
            "from": "Bengaluru",
            "to": "Pune"
        },
        {
            "companyname": "Go First",
            "departure": "18:00",
            "duration": "02 h 15m",
            "arrival": "20:15",
            "price": "8600",
            "flightnumber": "GF 555",
            "bagage":"BAGGAGE :ADULT",
            "checkin":"15 Kgs (1 Piece x 15 Kgs)",
            "cabin":"7 Kgs",
            "from": "Goa",
            "to": "Kolkata"
        },
        {
            "companyname": "Go First",
            "departure": "19:15",
            "duration": "02 h 15m",
            "arrival": "21:30",
            "price": "9600",
            "flightnumber": "GF 666",
            "bagage":"BAGGAGE :ADULT",
            "checkin":"15 Kgs (1 Piece x 15 Kgs)",
            "cabin":"7 Kgs",
            "from": "Kolkata",
            "to": "Goa"
        },
        {
            "companyname": "Vistara",
            "departure": "18:15",
            "duration": "45m",
            "arrival": "19:00",
            "price": "9500",
            "flightnumber": "VR 777",
            "bagage":"BAGGAGE :ADULT",
            "checkin":"15 Kgs (1 Piece x 15 Kgs)",
            "cabin":"7 Kgs",
            "from": "Mumbai",
            "dsc":"Terminal 2 Mumbai, India",
            "to": "Pune"
        },
        {
            "companyname": "Vistara",
            "departure": "18:15",
            "duration": "30m",
            "arrival": "18:45",
            "price": "9600",
            "flightnumber": "VR 888",
            "bagage":"BAGGAGE :ADULT",
            "checkin":"15 Kgs (1 Piece x 15 Kgs)",
            "cabin":"7 Kgs",
            "from": "Pune",
            "to": "Mumbai"
        }
    ]
}